{
  "name": "velox",
  "version": "1.0.0",
  "private": true,
  "main": "node_modules/expo/AppEntry.js",
  "types": "src/types.d.ts",
  "scripts": {
    "start": "expo start",
    "android": "expo run:android",
    "prebuild": "expo prebuild",
    "build:android": "eas build -p android"
  },
  "dependencies": {
    "expo": "^48.0.0",
    "expo-av": "~12.0.0",
    "expo-file-system": "~15.0.0",
    "expo-media-library": "~16.0.0",
    "expo-secure-store": "~12.0.0",
    "expo-local-authentication": "~14.0.0",
    "expo-notifications": "~0.18.0",
    "expo-clipboard": "~3.0.0",
    "react": "18.2.0",
    "react-native": "0.72.0",
    "react-native-gesture-handler": "^2.9.0",
    "react-native-reanimated": "~3.0.0",
    "react-native-webview": "^12.0.4",
    "@react-navigation/native": "^6.1.6",
    "@react-navigation/native-stack": "^6.9.12",
    "ffmpeg-kit-react-native": "^5.1.0",
    "@react-native-async-storage/async-storage": "^1.17.10",
    "uuid": "^9.0.0",
    "react-native-safe-area-context": "4.6.3",
    "crypto-js": "^4.1.1"
  },
  "devDependencies": {
    "@types/react": "~18.0.28",
    "@types/react-native": "~0.72.2",
    "typescript": "~5.1.3",
    "@expo/webpack-config": "^18.0.1"
  }
}